ModelFile;PositionX;PositionY;PositionZ;RotationW;RotationX;RotationY;RotationZ;ScaleFactor;DoodadSet;FileDataID
..\..\..\..\generic\human\passivedoodads\hanginglanterns\generalhanginglanternlong.obj;-8.67926025390625;0.08625072985887527;17.05999183654785;0.7071067690849304;0;0;0.7071067690849304;2.190000057220459;Set_$DefaultGlobal;198292
..\..\..\..\generic\human\passivedoodads\hanginglanterns\generalhanginglanternlong.obj;1.1415576934814453;-6.838766574859619;27.246294021606445;0.7071067690849304;0;0;0.7071067690849304;2.190000057220459;Set_$DefaultGlobal;198292
..\..\..\..\generic\human\passivedoodads\hanginglanterns\generalhanginglanternlong.obj;5.426800727844238;-7.815889835357666;11.445709228515625;0.7071067690849304;0;0;0.7071067690849304;2.190000057220459;Set_$DefaultGlobal;198292
..\..\..\..\generic\human\passivedoodads\hanginglanterns\generalhanginglanternlong.obj;3.106616497039795;8.020052909851074;21.72271156311035;0.7071067690849304;0;0;0.7071067690849304;2.190000057220459;Set_$DefaultGlobal;198292