ModelFile;PositionX;PositionY;PositionZ;RotationW;RotationX;RotationY;RotationZ;ScaleFactor;DoodadSet;FileDataID
..\..\..\..\generic\passivedoodads\lights\torch.obj;-7.043341636657715;6.463478088378906;0.8610156774520874;0.7071068286895752;3.090862321641907e-8;2.5121476791422227e-15;-0.7071067094802856;1.159999966621399;Set_$DefaultGlobal;199823
..\..\..\..\generic\passivedoodads\lights\torch.obj;1.4209959506988525;-2.1595442295074463;0.8610156774520874;0.7071067690849304;2.5121478909004595e-15;3.090862321641907e-8;0.7071067690849304;1.159999966621399;Set_$DefaultGlobal;199823